{"web":{"client_id":"36437096753-dmhgf4r53e4crtv4c0mduboo4l6hl2dn.apps.googleusercontent.com","project_id":"restaurant-menu-app-146315","auth_uri":"https://accounts.google.com/o/oauth2/auth","token_uri":"https://accounts.google.com/o/oauth2/token","auth_provider_x509_cert_url":"https://www.googleapis.com/oauth2/v1/certs","client_secret":"myQ0zO0tHQjEGQun9eZgPAXI","redirect_uris":["http://www.example.com/oauth2callback","http://localhost:5000/login","http://localhost:5000/gconnect"],"javascript_origins":["http://localhost:5000","http://www.example.com","http://127.0.0.1:5000"]}}